{
    "loss": 0.16205240786075592,
    "accuracy": 0.9482758641242981
}